1, 5, [{id: 59, quantity: 3}, {id: 88, quantity: 2}, {id: 18, quantity: 2}, {id: 95, quantity: 1}, {id: 39, quantity: 2}]
2, 5, [{id: 96, quantity: 2}, {id: 91, quantity: 3}, {id: 9, quantity: 1}, {id: 16, quantity: 1}, {id: 54, quantity: 3}]
3, 5, [{id: 37, quantity: 2}, {id: 80, quantity: 3}, {id: 68, quantity: 3}, {id: 81, quantity: 1}, {id: 90, quantity: 1}]
4, 5, [{id: 36, quantity: 1}, {id: 54, quantity: 1}, {id: 11, quantity: 3}, {id: 47, quantity: 2}, {id: 64, quantity: 3}]
5, 5, [{id: 23, quantity: 3}, {id: 91, quantity: 1}, {id: 45, quantity: 2}, {id: 84, quantity: 1}, {id: 70, quantity: 3}]
6, 5, [{id: 53, quantity: 3}, {id: 61, quantity: 2}, {id: 92, quantity: 1}, {id: 11, quantity: 3}, {id: 37, quantity: 3}]
7, 5, [{id: 61, quantity: 1}, {id: 80, quantity: 2}, {id: 99, quantity: 3}, {id: 14, quantity: 1}, {id: 48, quantity: 3}]
8, 5, [{id: 45, quantity: 1}, {id: 83, quantity: 3}, {id: 96, quantity: 1}, {id: 21, quantity: 3}, {id: 2, quantity: 1}]
9, 5, [{id: 74, quantity: 3}, {id: 10, quantity: 3}, {id: 19, quantity: 2}, {id: 53, quantity: 1}, {id: 13, quantity: 1}]
10, 5, [{id: 75, quantity: 1}, {id: 39, quantity: 1}, {id: 3, quantity: 3}, {id: 7, quantity: 1}, {id: 93, quantity: 3}]
11, 5, [{id: 71, quantity: 3}, {id: 25, quantity: 2}, {id: 65, quantity: 3}, {id: 58, quantity: 1}, {id: 53, quantity: 3}]
12, 5, [{id: 32, quantity: 2}, {id: 41, quantity: 3}, {id: 69, quantity: 1}, {id: 98, quantity: 3}, {id: 67, quantity: 2}]
13, 5, [{id: 81, quantity: 1}, {id: 42, quantity: 2}, {id: 29, quantity: 3}, {id: 64, quantity: 2}, {id: 54, quantity: 1}]
14, 5, [{id: 64, quantity: 2}, {id: 76, quantity: 2}, {id: 30, quantity: 2}, {id: 88, quantity: 1}, {id: 94, quantity: 2}]
15, 5, [{id: 4, quantity: 1}, {id: 100, quantity: 3}, {id: 1, quantity: 2}, {id: 48, quantity: 3}, {id: 94, quantity: 3}]
16, 5, [{id: 3, quantity: 3}, {id: 50, quantity: 3}, {id: 67, quantity: 2}, {id: 86, quantity: 1}, {id: 12, quantity: 1}]
17, 5, [{id: 12, quantity: 3}, {id: 25, quantity: 1}, {id: 24, quantity: 2}, {id: 90, quantity: 1}, {id: 97, quantity: 1}]
18, 5, [{id: 23, quantity: 2}, {id: 25, quantity: 2}, {id: 9, quantity: 2}, {id: 78, quantity: 2}, {id: 63, quantity: 1}]
19, 5, [{id: 43, quantity: 3}, {id: 77, quantity: 3}, {id: 50, quantity: 3}, {id: 31, quantity: 2}, {id: 75, quantity: 3}]
20, 5, [{id: 66, quantity: 3}, {id: 59, quantity: 1}, {id: 29, quantity: 1}, {id: 32, quantity: 1}, {id: 46, quantity: 2}]
